timestamp,search_query,category
2025-06-11 21:41:00,upcoming marvel movies,entertainment
2025-05-28 10:53:00,best protein bars 2025,food & beverage
2025-04-09 19:17:00,HIIT workout 20 minutes,fitness
2025-04-03 08:27:00,how to write a resume 2025,career
2025-04-15 09:16:00,how to make cold brew coffee,food & beverage
2025-04-19 15:03:00,symptoms of anxiety vs stress,mental health
2025-04-06 08:16:00,best budget laptop for students,technology
2025-04-19 15:01:00,do I have burnout,mental health
2025-05-24 15:12:00,meditation music for focus,mental health
2025-05-21 23:21:00,how to negotiate salary,career
2025-06-27 09:22:00,minimalist home office setup,lifestyle
2025-05-13 18:03:00,upcoming marvel movies,entertainment
2025-06-10 06:47:00,signs someone likes you,relationships
2025-05-09 13:33:00,online therapy reviews,mental health
2025-04-30 10:16:00,how to write a resume 2025,career
2025-05-19 19:14:00,signs someone likes you,relationships
2025-04-30 11:58:00,meditation music for focus,mental health
2025-06-07 20:27:00,how to sleep better,mental health
2025-05-09 19:28:00,how to sleep better,mental health
2025-04-18 18:52:00,first date conversation starters,relationships
2025-04-22 06:36:00,how to apologize sincerely,relationships
2025-05-26 13:15:00,yoga for lower back pain,fitness
2025-04-22 18:19:00,how to start journaling,lifestyle
2025-06-24 14:52:00,intermittent fasting benefits,food & beverage
2025-05-19 08:30:00,best protein bars 2025,food & beverage
2025-04-05 14:37:00,how to negotiate salary,career
2025-04-22 09:36:00,gym near me,fitness
2025-04-02 06:23:00,best gifts for girlfriend birthday,relationships
2025-06-24 18:24:00,long distance relationship tips,relationships
2025-05-09 20:00:00,how to write a resume 2025,career
2025-06-14 17:58:00,vegan breakfast recipes,food & beverage
2025-06-07 16:44:00,Taylor Swift 2025 tour,entertainment
2025-05-27 17:43:00,how to negotiate salary,career
2025-06-01 12:40:00,how to start journaling,lifestyle
2025-06-03 16:51:00,VPN recommendation reddit,technology
2025-04-15 22:15:00,best horror movies 2020s,entertainment
2025-06-16 16:05:00,is project management a good career,career
2025-04-21 14:07:00,daily routine for productivity,lifestyle
2025-04-17 23:26:00,first date conversation starters,relationships
2025-05-01 06:38:00,funny podcasts to listen to,entertainment
2025-05-18 22:55:00,how to clear cache chrome,technology
2025-04-24 07:37:00,how to clear cache chrome,technology
2025-06-07 10:45:00,yoga for lower back pain,fitness
2025-05-29 07:54:00,symptoms of anxiety vs stress,mental health
2025-06-12 16:55:00,daily routine for productivity,lifestyle
2025-05-28 18:13:00,top netflix shows July 2025,entertainment
2025-04-10 18:01:00,VPN recommendation reddit,technology
2025-06-21 07:09:00,how to make cold brew coffee,food & beverage
2025-06-14 07:06:00,vegan breakfast recipes,food & beverage
2025-04-07 14:55:00,how to write a resume 2025,career
2025-05-25 07:04:00,minimalist home office setup,lifestyle
2025-05-03 15:06:00,symptoms of anxiety vs stress,mental health
2025-06-15 08:33:00,funny podcasts to listen to,entertainment
2025-04-23 17:06:00,morning habits of successful people,lifestyle
2025-06-25 22:32:00,chest workout at home no equipment,fitness
2025-06-09 07:40:00,iPhone 16 vs Samsung Galaxy S25,technology
2025-05-20 15:13:00,morning habits of successful people,lifestyle
2025-05-03 17:41:00,is project management a good career,career
2025-06-20 19:41:00,how to make cold brew coffee,food & beverage
2025-05-17 16:06:00,daily routine for productivity,lifestyle
2025-05-05 10:17:00,how to apologize sincerely,relationships
2025-06-02 13:38:00,HIIT workout 20 minutes,fitness
2025-04-15 16:18:00,remote jobs entry level,career
2025-04-13 17:44:00,yoga for lower back pain,fitness
2025-04-27 11:31:00,certifications for data analyst,career
2025-06-12 19:10:00,funny podcasts to listen to,entertainment
2025-06-01 15:22:00,intermittent fasting benefits,food & beverage
2025-05-06 23:25:00,how to negotiate salary,career
2025-04-06 16:28:00,intermittent fasting benefits,food & beverage
2025-05-09 06:17:00,Taylor Swift 2025 tour,entertainment
2025-04-03 09:50:00,best gifts for girlfriend birthday,relationships
2025-06-13 17:06:00,is project management a good career,career
2025-05-11 23:54:00,best gifts for girlfriend birthday,relationships
2025-06-16 20:49:00,top netflix shows July 2025,entertainment
2025-06-25 19:37:00,minimalist home office setup,lifestyle
2025-04-03 10:36:00,meditation music for focus,mental health
2025-06-17 08:10:00,best gifts for girlfriend birthday,relationships
2025-04-12 22:31:00,upcoming marvel movies,entertainment
2025-06-22 22:01:00,best protein bars 2025,food & beverage
2025-05-09 19:24:00,iPhone 16 vs Samsung Galaxy S25,technology
2025-05-19 16:57:00,certifications for data analyst,career
2025-06-06 12:23:00,meditation music for focus,mental health
2025-05-23 16:16:00,morning habits of successful people,lifestyle
2025-04-11 08:20:00,morning habits of successful people,lifestyle
2025-05-14 11:45:00,AI tools for productivity,technology
2025-06-13 11:04:00,how to sleep better,mental health
2025-06-01 11:52:00,morning habits of successful people,lifestyle
2025-06-07 17:38:00,VPN recommendation reddit,technology
2025-04-06 10:16:00,how to write a resume 2025,career
2025-06-23 22:06:00,how to apologize sincerely,relationships
2025-05-31 23:29:00,is oat milk better than almond milk,food & beverage
2025-04-07 09:47:00,signs someone likes you,relationships
2025-06-18 08:14:00,symptoms of anxiety vs stress,mental health
2025-05-01 11:00:00,long distance relationship tips,relationships
2025-05-20 15:39:00,best gifts for girlfriend birthday,relationships
2025-05-08 12:23:00,iPhone 16 vs Samsung Galaxy S25,technology
2025-06-11 19:13:00,is project management a good career,career
2025-06-11 07:08:00,yoga for lower back pain,fitness
2025-04-04 21:06:00,symptoms of anxiety vs stress,mental health
2025-05-08 09:28:00,is oat milk better than almond milk,food & beverage
2025-06-03 13:29:00,upcoming marvel movies,entertainment
2025-05-26 06:51:00,symptoms of anxiety vs stress,mental health
2025-04-05 09:30:00,remote jobs entry level,career
2025-06-29 14:37:00,how to make cold brew coffee,food & beverage
2025-04-05 23:07:00,meditation music for focus,mental health
2025-04-05 19:19:00,chest workout at home no equipment,fitness
2025-05-28 13:55:00,signs someone likes you,relationships
2025-06-21 12:02:00,how to run a 5k,fitness
2025-06-06 16:17:00,remote jobs entry level,career
2025-06-28 21:47:00,yoga for lower back pain,fitness
2025-05-22 17:37:00,upcoming marvel movies,entertainment
2025-04-06 21:03:00,how to sleep better,mental health
2025-04-30 13:19:00,meditation music for focus,mental health
2025-06-04 10:33:00,AI tools for productivity,technology
2025-06-16 14:35:00,daily routine for productivity,lifestyle
2025-05-21 14:45:00,best horror movies 2020s,entertainment
2025-04-21 17:47:00,Taylor Swift 2025 tour,entertainment
2025-05-03 18:17:00,how to negotiate salary,career
2025-06-07 10:00:00,upcoming marvel movies,entertainment
2025-06-19 18:05:00,symptoms of anxiety vs stress,mental health
2025-04-14 22:56:00,best horror movies 2020s,entertainment
2025-04-21 08:42:00,upcoming marvel movies,entertainment
2025-05-07 13:22:00,chest workout at home no equipment,fitness
2025-04-26 15:29:00,how to write a resume 2025,career
2025-06-09 18:47:00,first date conversation starters,relationships
2025-06-22 12:04:00,daily routine for productivity,lifestyle
2025-05-17 20:06:00,morning habits of successful people,lifestyle
2025-04-28 09:17:00,online therapy reviews,mental health
2025-04-10 18:13:00,yoga for lower back pain,fitness
2025-05-07 18:49:00,online therapy reviews,mental health
2025-06-24 08:26:00,how to negotiate salary,career
2025-06-20 11:13:00,minimalist home office setup,lifestyle
2025-04-09 17:59:00,how to negotiate salary,career
2025-06-13 12:01:00,symptoms of anxiety vs stress,mental health
2025-06-29 15:41:00,upcoming marvel movies,entertainment
2025-06-20 06:08:00,chest workout at home no equipment,fitness
2025-05-30 22:21:00,best gifts for girlfriend birthday,relationships
2025-04-18 10:05:00,signs someone likes you,relationships
2025-04-23 11:39:00,remote jobs entry level,career
2025-04-27 06:10:00,how to make cold brew coffee,food & beverage
2025-05-19 13:04:00,chest workout at home no equipment,fitness
2025-04-21 14:31:00,signs someone likes you,relationships
2025-05-11 07:32:00,how to sleep better,mental health
2025-05-17 07:42:00,VPN recommendation reddit,technology
2025-04-27 10:45:00,HIIT workout 20 minutes,fitness
2025-04-06 15:00:00,how to negotiate salary,career
2025-05-23 22:29:00,upcoming marvel movies,entertainment
2025-05-16 21:22:00,how to sleep better,mental health
2025-04-08 19:41:00,Taylor Swift 2025 tour,entertainment
2025-05-09 08:02:00,how to start journaling,lifestyle
2025-04-16 10:08:00,what is hygge lifestyle,lifestyle
2025-05-17 11:14:00,how to start journaling,lifestyle
2025-06-09 10:23:00,upcoming marvel movies,entertainment
2025-05-24 08:29:00,is oat milk better than almond milk,food & beverage
2025-05-23 11:08:00,yoga for lower back pain,fitness
2025-06-04 15:48:00,top netflix shows July 2025,entertainment
2025-06-12 23:07:00,symptoms of anxiety vs stress,mental health
2025-06-03 14:07:00,daily routine for productivity,lifestyle
2025-04-14 21:56:00,do I have burnout,mental health
2025-04-15 06:28:00,best horror movies 2020s,entertainment
2025-06-25 19:30:00,best gifts for girlfriend birthday,relationships
2025-04-03 15:22:00,how to sleep better,mental health
2025-06-29 22:56:00,online therapy reviews,mental health
2025-05-02 23:30:00,daily routine for productivity,lifestyle
2025-06-18 23:44:00,top netflix shows July 2025,entertainment
2025-05-29 06:12:00,VPN recommendation reddit,technology
2025-04-01 14:16:00,is oat milk better than almond milk,food & beverage
2025-06-24 21:52:00,VPN recommendation reddit,technology
2025-05-23 12:12:00,do I have burnout,mental health
2025-06-06 08:29:00,what is hygge lifestyle,lifestyle
2025-05-19 23:21:00,remote jobs entry level,career
2025-05-02 10:07:00,top netflix shows July 2025,entertainment
2025-05-31 19:09:00,how to write a resume 2025,career
2025-04-04 11:11:00,intermittent fasting benefits,food & beverage
2025-04-15 08:53:00,online therapy reviews,mental health
2025-05-26 08:18:00,iPhone 16 vs Samsung Galaxy S25,technology
2025-04-10 13:50:00,AI tools for productivity,technology
2025-06-18 06:49:00,how to make cold brew coffee,food & beverage
2025-05-14 17:24:00,best protein bars 2025,food & beverage
2025-04-05 16:48:00,how to clear cache chrome,technology
2025-06-27 15:09:00,symptoms of anxiety vs stress,mental health
2025-05-21 22:31:00,how to sleep better,mental health
2025-06-11 21:49:00,first date conversation starters,relationships
2025-05-16 23:13:00,is project management a good career,career
2025-06-08 11:48:00,minimalist home office setup,lifestyle
2025-04-11 13:41:00,AI tools for productivity,technology
2025-05-04 06:49:00,vegan breakfast recipes,food & beverage
2025-04-01 07:32:00,online therapy reviews,mental health
2025-06-15 14:12:00,online therapy reviews,mental health
2025-04-12 16:44:00,top netflix shows July 2025,entertainment
2025-05-06 12:53:00,how to apologize sincerely,relationships
2025-05-13 20:03:00,best protein bars 2025,food & beverage
2025-06-09 14:12:00,best protein bars 2025,food & beverage
2025-05-16 22:06:00,top netflix shows July 2025,entertainment
2025-05-01 06:27:00,symptoms of anxiety vs stress,mental health
2025-05-30 14:55:00,symptoms of anxiety vs stress,mental health
2025-04-09 10:46:00,how to apologize sincerely,relationships
2025-06-12 16:53:00,upcoming marvel movies,entertainment
2025-04-10 20:05:00,do I have burnout,mental health
2025-05-14 08:00:00,do I have burnout,mental health
2025-06-14 11:26:00,yoga for lower back pain,fitness
2025-05-11 08:32:00,chest workout at home no equipment,fitness
2025-06-28 14:10:00,yoga for lower back pain,fitness
2025-04-10 23:39:00,how to apologize sincerely,relationships
2025-04-02 22:02:00,how to negotiate salary,career
2025-05-15 16:10:00,is project management a good career,career
2025-06-24 10:59:00,is oat milk better than almond milk,food & beverage
2025-06-29 17:59:00,gym near me,fitness
2025-06-08 15:39:00,how to write a resume 2025,career
2025-04-02 22:03:00,vegan breakfast recipes,food & beverage
2025-04-30 11:10:00,AI tools for productivity,technology
2025-06-13 13:24:00,iPhone 16 vs Samsung Galaxy S25,technology
2025-06-15 10:12:00,funny podcasts to listen to,entertainment
2025-04-11 16:26:00,vegan breakfast recipes,food & beverage
2025-05-15 08:41:00,is project management a good career,career
2025-05-10 19:06:00,upcoming marvel movies,entertainment
2025-05-02 23:36:00,best gifts for girlfriend birthday,relationships
2025-06-28 06:47:00,best budget laptop for students,technology
2025-05-13 09:41:00,how to run a 5k,fitness
2025-05-06 16:45:00,how to apologize sincerely,relationships
2025-05-08 07:02:00,first date conversation starters,relationships
2025-06-14 22:34:00,certifications for data analyst,career
2025-04-19 11:16:00,what is hygge lifestyle,lifestyle
2025-06-19 09:31:00,VPN recommendation reddit,technology
2025-05-03 17:36:00,symptoms of anxiety vs stress,mental health
2025-06-04 11:58:00,yoga for lower back pain,fitness
2025-06-22 21:21:00,chest workout at home no equipment,fitness
2025-05-02 13:32:00,what is hygge lifestyle,lifestyle
2025-04-29 08:30:00,best budget laptop for students,technology
2025-06-20 12:53:00,best horror movies 2020s,entertainment
2025-05-20 21:01:00,how to make cold brew coffee,food & beverage
2025-05-05 10:31:00,how to negotiate salary,career
2025-05-05 07:05:00,symptoms of anxiety vs stress,mental health
2025-04-23 19:52:00,how to run a 5k,fitness
2025-05-17 14:11:00,VPN recommendation reddit,technology
2025-06-23 12:09:00,how to apologize sincerely,relationships
2025-05-05 07:14:00,meditation music for focus,mental health
2025-06-19 16:43:00,minimalist home office setup,lifestyle
2025-06-11 07:55:00,chest workout at home no equipment,fitness
2025-04-16 20:34:00,minimalist home office setup,lifestyle
2025-06-19 06:16:00,do I have burnout,mental health
2025-06-28 19:20:00,how to sleep better,mental health
2025-04-09 20:17:00,what is hygge lifestyle,lifestyle
2025-06-23 22:52:00,gym near me,fitness
2025-06-16 18:01:00,how to make cold brew coffee,food & beverage
2025-05-26 23:45:00,Taylor Swift 2025 tour,entertainment
2025-04-21 21:51:00,vegan breakfast recipes,food & beverage
2025-04-20 12:11:00,online therapy reviews,mental health
2025-06-22 07:36:00,meditation music for focus,mental health
2025-04-16 22:30:00,certifications for data analyst,career
2025-06-07 09:33:00,do I have burnout,mental health
2025-05-10 16:48:00,certifications for data analyst,career
2025-06-09 18:44:00,iPhone 16 vs Samsung Galaxy S25,technology
2025-05-16 22:38:00,VPN recommendation reddit,technology
2025-05-12 10:16:00,symptoms of anxiety vs stress,mental health
2025-04-06 19:51:00,how to start journaling,lifestyle
2025-04-08 08:54:00,long distance relationship tips,relationships
2025-04-20 07:41:00,meditation music for focus,mental health
2025-06-01 07:09:00,top netflix shows July 2025,entertainment
2025-06-17 08:04:00,what is hygge lifestyle,lifestyle
2025-05-15 19:30:00,how to make cold brew coffee,food & beverage
2025-04-19 19:03:00,symptoms of anxiety vs stress,mental health
2025-05-10 19:03:00,how to write a resume 2025,career
2025-06-09 12:38:00,do I have burnout,mental health
2025-05-28 21:11:00,VPN recommendation reddit,technology
2025-05-27 19:31:00,is oat milk better than almond milk,food & beverage
2025-06-05 19:25:00,how to write a resume 2025,career
2025-04-30 13:09:00,how to negotiate salary,career
2025-04-22 17:32:00,meditation music for focus,mental health
2025-05-25 18:27:00,intermittent fasting benefits,food & beverage
2025-04-15 14:00:00,minimalist home office setup,lifestyle
2025-04-09 20:16:00,HIIT workout 20 minutes,fitness
2025-06-20 12:57:00,how to apologize sincerely,relationships
2025-04-27 17:56:00,how to apologize sincerely,relationships
2025-04-04 09:43:00,how to run a 5k,fitness
2025-06-29 06:50:00,how to write a resume 2025,career
2025-06-08 11:42:00,top netflix shows July 2025,entertainment
2025-04-26 12:17:00,AI tools for productivity,technology
2025-04-01 12:26:00,iPhone 16 vs Samsung Galaxy S25,technology
2025-05-10 12:49:00,how to write a resume 2025,career
2025-04-20 17:09:00,how to run a 5k,fitness
2025-05-31 21:16:00,how to make cold brew coffee,food & beverage
2025-05-08 12:10:00,symptoms of anxiety vs stress,mental health
2025-04-23 17:10:00,is project management a good career,career
2025-05-21 15:21:00,what is hygge lifestyle,lifestyle
2025-04-30 08:38:00,iPhone 16 vs Samsung Galaxy S25,technology
2025-05-21 14:14:00,yoga for lower back pain,fitness
2025-04-06 18:24:00,how to run a 5k,fitness
2025-05-27 12:15:00,best budget laptop for students,technology
2025-05-06 11:03:00,how to write a resume 2025,career
2025-06-29 09:18:00,how to sleep better,mental health
2025-05-06 19:37:00,AI tools for productivity,technology
2025-06-09 14:13:00,how to start journaling,lifestyle
2025-06-01 16:45:00,how to clear cache chrome,technology
2025-06-23 08:38:00,best horror movies 2020s,entertainment
2025-06-20 13:16:00,best gifts for girlfriend birthday,relationships
2025-05-17 17:40:00,vegan breakfast recipes,food & beverage
2025-04-15 17:59:00,intermittent fasting benefits,food & beverage
2025-04-02 23:21:00,morning habits of successful people,lifestyle
2025-04-19 14:15:00,how to sleep better,mental health
2025-06-20 11:44:00,first date conversation starters,relationships
2025-04-12 06:46:00,funny podcasts to listen to,entertainment
2025-06-27 17:26:00,certifications for data analyst,career
2025-04-25 11:56:00,Taylor Swift 2025 tour,entertainment
2025-04-20 20:01:00,how to apologize sincerely,relationships
2025-04-19 17:16:00,do I have burnout,mental health
2025-05-28 07:38:00,morning habits of successful people,lifestyle
2025-04-26 23:43:00,VPN recommendation reddit,technology
2025-05-31 06:58:00,best budget laptop for students,technology
2025-04-18 21:26:00,upcoming marvel movies,entertainment
2025-05-16 18:28:00,best gifts for girlfriend birthday,relationships
2025-06-23 06:41:00,what is hygge lifestyle,lifestyle
2025-04-02 15:11:00,best gifts for girlfriend birthday,relationships
2025-04-29 17:15:00,best gifts for girlfriend birthday,relationships
2025-06-04 13:44:00,vegan breakfast recipes,food & beverage
2025-06-26 06:06:00,remote jobs entry level,career
2025-04-09 11:09:00,upcoming marvel movies,entertainment
2025-04-17 19:22:00,long distance relationship tips,relationships
2025-06-05 11:29:00,iPhone 16 vs Samsung Galaxy S25,technology
2025-04-04 15:14:00,top netflix shows July 2025,entertainment
2025-04-07 22:18:00,chest workout at home no equipment,fitness
2025-04-02 13:23:00,minimalist home office setup,lifestyle
2025-04-21 19:41:00,HIIT workout 20 minutes,fitness
2025-04-30 06:47:00,long distance relationship tips,relationships
2025-06-08 19:33:00,is oat milk better than almond milk,food & beverage
2025-05-07 17:03:00,best gifts for girlfriend birthday,relationships
2025-06-28 20:07:00,how to clear cache chrome,technology
2025-04-04 19:57:00,best gifts for girlfriend birthday,relationships
2025-06-26 15:14:00,is project management a good career,career
2025-06-23 20:19:00,first date conversation starters,relationships
2025-05-23 22:06:00,HIIT workout 20 minutes,fitness
2025-04-03 10:06:00,how to negotiate salary,career
2025-05-08 11:06:00,how to sleep better,mental health
2025-04-25 20:35:00,best budget laptop for students,technology
2025-04-17 06:27:00,online therapy reviews,mental health
2025-04-13 20:17:00,how to apologize sincerely,relationships
2025-06-23 18:32:00,chest workout at home no equipment,fitness
2025-06-14 15:13:00,iPhone 16 vs Samsung Galaxy S25,technology
2025-06-09 19:11:00,best protein bars 2025,food & beverage
2025-06-26 23:03:00,best gifts for girlfriend birthday,relationships
2025-04-11 20:58:00,vegan breakfast recipes,food & beverage
2025-05-15 15:21:00,how to sleep better,mental health
2025-06-20 10:46:00,long distance relationship tips,relationships
2025-04-26 09:14:00,is project management a good career,career
2025-04-15 13:41:00,online therapy reviews,mental health
2025-06-17 20:13:00,chest workout at home no equipment,fitness
2025-06-21 14:17:00,Taylor Swift 2025 tour,entertainment
2025-05-09 08:40:00,daily routine for productivity,lifestyle
2025-06-11 17:51:00,chest workout at home no equipment,fitness
2025-04-30 12:19:00,best protein bars 2025,food & beverage
2025-04-29 11:49:00,first date conversation starters,relationships
2025-04-07 07:30:00,vegan breakfast recipes,food & beverage
2025-06-03 15:56:00,HIIT workout 20 minutes,fitness
2025-05-30 14:42:00,minimalist home office setup,lifestyle
2025-06-22 16:18:00,is oat milk better than almond milk,food & beverage
2025-05-11 11:24:00,how to clear cache chrome,technology
2025-05-28 19:43:00,is project management a good career,career
2025-06-09 13:57:00,minimalist home office setup,lifestyle
2025-05-09 21:58:00,certifications for data analyst,career
2025-06-29 08:23:00,gym near me,fitness
2025-06-27 07:23:00,how to run a 5k,fitness
2025-04-28 13:29:00,certifications for data analyst,career
2025-06-04 11:37:00,do I have burnout,mental health
2025-04-30 13:19:00,Taylor Swift 2025 tour,entertainment
2025-05-09 23:23:00,funny podcasts to listen to,entertainment
2025-05-04 14:28:00,how to sleep better,mental health
2025-06-07 07:22:00,remote jobs entry level,career
2025-06-15 19:58:00,signs someone likes you,relationships
2025-06-23 07:20:00,how to apologize sincerely,relationships
2025-06-13 15:34:00,daily routine for productivity,lifestyle
2025-06-13 14:32:00,meditation music for focus,mental health
2025-05-17 18:16:00,morning habits of successful people,lifestyle
2025-06-18 23:07:00,signs someone likes you,relationships
2025-06-14 08:13:00,funny podcasts to listen to,entertainment
2025-05-07 10:19:00,best horror movies 2020s,entertainment
2025-04-03 10:05:00,signs someone likes you,relationships
2025-04-20 08:30:00,certifications for data analyst,career
2025-06-28 08:08:00,intermittent fasting benefits,food & beverage
2025-05-29 14:21:00,gym near me,fitness
2025-05-24 22:24:00,meditation music for focus,mental health
2025-06-02 09:14:00,symptoms of anxiety vs stress,mental health
2025-05-25 12:59:00,yoga for lower back pain,fitness
2025-06-11 06:21:00,gym near me,fitness
2025-05-13 18:27:00,morning habits of successful people,lifestyle
2025-04-04 21:12:00,first date conversation starters,relationships
2025-05-11 23:49:00,signs someone likes you,relationships
2025-04-05 20:13:00,gym near me,fitness
2025-06-09 06:00:00,what is hygge lifestyle,lifestyle
2025-04-09 22:53:00,online therapy reviews,mental health
2025-04-27 08:34:00,best budget laptop for students,technology
2025-04-12 12:49:00,symptoms of anxiety vs stress,mental health
2025-06-15 17:11:00,long distance relationship tips,relationships
2025-04-06 19:59:00,yoga for lower back pain,fitness
2025-04-20 19:25:00,meditation music for focus,mental health
2025-04-17 08:37:00,how to start journaling,lifestyle
2025-05-12 10:16:00,remote jobs entry level,career
2025-06-15 10:12:00,vegan breakfast recipes,food & beverage
2025-04-10 22:46:00,symptoms of anxiety vs stress,mental health
2025-06-08 13:39:00,daily routine for productivity,lifestyle
2025-04-18 17:41:00,how to make cold brew coffee,food & beverage
